GMC,gem_name,YEAR,AGE_MEAN,Income_MEAN,Moving_Count_MEAN,Lifeevents_Count_MEAN,UniqueMed_Count_MEAN,ZVWKOSTENTOTAAL_MEAN,ZVWKHUISARTS_MEAN,ZVWKHUISARTS_NO_REG_MEAN,ZVWKZIEKENHUIS_MEAN,ZVWKFARMACIE_MEAN,ZVWKOSTENPSYCHO_MEAN
GM0484,Alphen aan den Rijn,2009,38.2977712729123,,0.0886627773860004,0.573162561576355,3.73629195648527,1884.81531820788,128.578391324872,77.9153777086647,1030.98016865216,284.428984847221,212.901213705423
GM0484,Alphen aan den Rijn,2010,38.5839789095558,,0.0857689806461068,0.715130167213248,3.79621680328929,1927.89341626619,132.497576903422,73.2983647512405,1048.57795586938,288.968986203374,215.684926617375
GM0484,Alphen aan den Rijn,2011,38.9251952822314,28359.7237655771,0.0861723263415215,0.779565111955379,3.85198413221398,1968.16036309812,147.87992131722,84.6702602158499,1068.9637333272,281.548020754542,231.745204928616
GM0484,Alphen aan den Rijn,2012,39.2823610144558,28466.6078793966,0.0818853330400675,0.818052176830803,3.80686626746507,1910.55835083743,146.629128350723,87.9767271671434,1082.38571605031,249.254960823718,197.571130488457
GM0484,Alphen aan den Rijn,2013,39.6692820996009,28694.017651718,0.378354484003463,1.1567959521106,3.83807678664011,2068.94806972221,146.768535629592,86.7666452049224,1174.70346198027,235.485249666496,241.293120555556
GM0484,Alphen aan den Rijn,2014,39.9391950473668,29817.5581740323,0.0866296532265405,0.835814705760378,3.8576241255179,2057.10924106124,158.092015194509,95.933939038902,1190.98062727688,235.338278169338,200.152834786907
GM0484,Alphen aan den Rijn,2015,40.214582105725,29821.3117399504,0.0859932611137278,0.856104952879146,3.89268140597254,2105.32895360061,156.320670037813,93.2954681791247,1137.70196565076,245.502725980591,155.430172699615
GM0484,Alphen aan den Rijn,2016,40.4803186768967,31272.6183474553,0.0998716947951154,0.928297501452644,3.90622319897084,2110.01412550312,163.151924087197,100.332693324907,1141.6507111071,239.676877555627,149.38517054991
GM0484,Alphen aan den Rijn,2017,40.7006175940474,32244.0823953956,0.0992342623096786,0.933064206074587,3.91616269735082,2207.40569545322,169.365768889757,105.180504652477,1208.67480561701,238.724485541056,150.789161748507
GM0484,Alphen aan den Rijn,2018,40.8870688036322,32871.6702845091,0.0994947361008415,0.933034186409096,3.94444959535888,2283.13701298819,176.545972872713,109.915576322059,1232.55684822356,246.156214574721,173.93629585034
GM0484,Alphen aan den Rijn,2019,41.0981911206267,35247.6903767191,0.0932541588438196,0.933267986669281,3.90389374473463,2379.76070389012,185.094339103929,115.988558140763,1298.01423212388,250.486666139672,189.320224060851
GM0484,Alphen aan den Rijn,2020,41.3479317884038,35895.9449436003,0.0968083444697062,0.952377270970236,3.8381285107549,2315.72099833215,184.271001999635,116.275691357911,1231.02704176527,258.138130124605,207.840531168957
GM0484,Alphen aan den Rijn,2021,41.5505144360037,37079.9521402299,0.0833455917346647,0.923896563342318,3.86798661989951,2476.41858281711,202.223428997101,127.584463176411,1406.34922371208,260.624094025805,143.090908892896
GM0484,Alphen aan den Rijn,2022,41.6651791781481,39194.4228327757,0.0845477065003844,0.939422563554971,3.88697272438947,2408.8986483,209.338258686226,133.796568368551,1458.56020710136,287.735577710631,
GM0484,Alphen aan den Rijn,2023,41.8101452993503,42258.6309414411,0.0841357819723634,0.931483970833842,3.81934167215273,,,,,,
GM0484,Alphen aan den Rijn,2024,42.1840236082294,,0.0829721094896814,0.50104054229092,,,,,,,
GM0503,Delft,2009,37.9299949861443,,0.134672706592933,0.680875991348234,3.90192086936558,1988.30287035192,114.357432252238,63.9009916739284,1083.1775390317,310.633074346669,261.146131862595
GM0503,Delft,2010,37.8659783462385,,0.144681967978069,0.878525193190567,3.96556564192539,2068.93744318595,118.710074588509,59.9637839765848,1120.05289237645,314.520799282436,288.960026828123
GM0503,Delft,2011,37.9218196102386,24615.0272323379,0.140140333897895,0.954364621771218,4.0149039884132,2079.6470419204,130.982461896015,68.1379806185837,1130.20944688268,306.572031313222,283.979834434683
GM0503,Delft,2012,37.9682133405746,24677.8274463033,0.135093647422282,0.97085365497503,3.95742409494804,1978.5109910188,125.829586413528,67.997273953423,1089.03789737043,268.287653975246,284.565706819746
GM0503,Delft,2013,38.0091552748924,24935.3845851315,0.12848662978331,0.980302363129312,3.94496239175779,2076.22651765262,128.02614617566,68.6549216294538,1150.71391197518,250.73623329955,291.559802303224
GM0503,Delft,2014,37.9849035614247,25912.4718249654,0.135122020836307,1.00695892263481,3.95163305654409,2046.72697192605,136.807553976555,75.3951837791218,1152.75110571994,247.405458864129,251.473476933068
GM0503,Delft,2015,38.0474472835253,25760.5597356487,0.140756740370223,1.00907292255512,3.9850390320683,2133.68225216821,138.178183155899,75.9891163904634,1095.95530602095,259.14407036808,231.406823451843
GM0503,Delft,2016,38.105612624208,26707.7316840605,0.135383011985409,0.991022039445104,4.0030615304496,2237.73054460615,140.266531771965,78.2672988249335,1210.19466990034,250.753205913988,230.487815489171
GM0503,Delft,2017,38.1331548836981,27708.2077674978,0.150173055942214,1.07662000167659,4.00125436646554,2276.21787732042,141.348546408381,78.547208636006,1229.31030296612,251.572315476188,244.055837066182
GM0503,Delft,2018,38.1950076200199,27889.2812354638,0.129910351968805,1.00231812718219,4.02173126818146,2312.11792594377,153.561439459969,93.3994049658029,1262.92489618699,254.494966998186,232.090813377001
GM0503,Delft,2019,38.2524235750443,30683.756966581,0.131072597620571,1.01378446115288,3.98391521197007,2376.69083859525,156.851499213182,94.4731904467735,1271.06708981535,268.420850447184,249.161066270941
GM0503,Delft,2020,38.337698530904,31208.4173433993,0.137557473656944,1.05572817194493,3.92139146148633,2321.59074774559,160.702659286901,97.2861268967426,1202.88500434107,266.115668916117,265.6450299927
GM0503,Delft,2021,38.3320102009677,32341.5037947016,0.139696220676474,1.03574673480977,3.93373370209403,2381.91913397078,176.664115914214,108.769052251448,1289.33943373883,257.825971579286,202.488730952544
GM0503,Delft,2022,38.3496599189088,33805.8819921295,0.131728160976893,1.029378300318,3.97680623024134,2275.05399393884,180.340264980431,110.973270099359,1359.2850606599,281.624175578675,
GM0503,Delft,2023,38.0930622990034,36626.3437871042,0.141402824704253,1.05966287730302,3.8098933508103,,,,,,
GM0503,Delft,2024,38.4939160554671,,0.130096702027856,0.660995390208478,,,,,,,
GM0518,'s-Gravenhage,2009,37.5603864432647,,0.161414520639018,0.748143830500034,4.23172575370364,2171.67103028317,124.87310520416,74.4732082797861,1114.50260274149,335.460378327799,368.281539454354
GM0518,'s-Gravenhage,2010,37.5571755782494,,0.151478186685608,0.908585438974651,4.32369119427736,2226.7337755288,124.736722300111,66.261572622908,1158.02613217736,346.121063478275,352.098427539512
GM0518,'s-Gravenhage,2011,37.6021995339616,25905.5207806906,0.134556116894114,0.932599825123871,4.40962614237411,2244.00626923208,132.761364439332,69.8140376245493,1182.2659126571,343.707006422629,323.421871326111
GM0518,'s-Gravenhage,2012,37.677175914017,26022.4514114338,0.131326991154665,0.947175944737911,4.32160200688738,2183.14344960043,125.845233763518,68.2815855401878,1237.04710146269,297.87551367158,269.955769013113
GM0518,'s-Gravenhage,2013,37.7673441256745,26215.8617937741,0.13782330180649,0.995609007599328,4.28796910968395,2244.82089190464,132.066583059052,72.9993209531227,1236.01424952356,280.031553080039,313.926325050461
GM0518,'s-Gravenhage,2014,37.8644178946481,27636.9119090273,0.133750152781565,1.00597007591578,4.31098321751858,2245.9338010857,141.35933217592,80.3641276168375,1252.51188626439,270.957701620123,281.270759136042
GM0518,'s-Gravenhage,2015,37.9612532359019,27617.1305733057,0.134414624311125,1.02003788134191,4.33915872252553,2343.80932086069,141.348852055821,79.6692765337396,1202.83017462114,291.822017972975,264.249676348131
GM0518,'s-Gravenhage,2016,38.0555767947527,28734.8853828536,0.133761161229559,1.0231505667667,4.35731733963818,2406.51744346226,146.252507271215,84.7678527375878,1251.10584034924,290.60175740285,260.874654132704
GM0518,'s-Gravenhage,2017,38.1390878759605,29887.7237672541,0.133285413002707,1.03734204345805,4.36884778562206,2449.54343486,149.888730544576,87.8230418768869,1256.143316787,283.375819927286,250.221605921843
GM0518,'s-Gravenhage,2018,38.2700466773167,30059.3825859719,0.12181763662441,1.01306098460692,4.4033438950338,2551.22791506859,164.557476256222,101.741228107707,1293.40288224302,283.500895271892,279.256233918125
GM0518,'s-Gravenhage,2019,38.3858860787592,32317.2944824406,0.119050889300743,1.00032817743873,4.31835228697476,2566.17489592429,175.16910621337,110.698171843071,1293.73748841594,284.091004329289,287.863687878904
GM0518,'s-Gravenhage,2020,38.6120354985111,33041.0800232539,0.125729305782372,1.04872040005883,4.22358341265381,2465.09092873513,175.334697212842,110.978688695359,1207.11008915031,285.552626897497,297.126899560502
GM0518,'s-Gravenhage,2021,38.7594653168258,34520.9257906029,0.124051229641565,1.03896153093373,4.25295085262583,2573.17470130505,192.032271068261,122.073570965309,1353.73102025742,281.081858516524,210.874874874943
GM0518,'s-Gravenhage,2022,38.8164943957692,36518.5089461325,0.122678960395185,1.03604009530041,4.26642173204558,2377.65650253601,199.399561753956,129.911848329282,1366.34975568976,292.826932186827,
GM0518,'s-Gravenhage,2023,39.0214242809422,39156.9650958114,0.117001151575972,1.02815622161671,4.08523508155148,,,,,,
GM0518,'s-Gravenhage,2024,39.4359752979124,,0.119934883019239,0.606956585809996,,,,,,,
GM0534,Hillegom,2009,40.5279477714856,,0.0985101283075622,0.606150793650794,4.00933670492122,2028.71566227839,131.077412899853,80.3648956699426,1099.91384856694,324.64293264889,222.184755952664
GM0534,Hillegom,2010,40.7999849157425,,0.0842559579658473,0.691484899328859,4.0900675024108,2085.91147763883,135.039220414766,76.227325437596,1097.21166000761,331.847149448249,260.420451013834
GM0534,Hillegom,2011,40.961747037396,28411.0567904776,0.0890544946436889,0.776505429417572,4.15273081924577,2123.08984837104,145.392758215962,81.3432516431924,1181.36187511737,324.311087793426,204.300890526711
GM0534,Hillegom,2012,41.2645737567574,28289.3220411664,0.0839765646796243,0.815871693397209,4.02616413857058,1995.02894894335,140.304377339071,80.8625205838305,1147.32951861901,278.399310909433,170.292833364503
GM0534,Hillegom,2013,41.5532853725596,28601.5132911693,0.086453591006225,0.851975051975052,4.11267324093817,2260.23900102794,141.959508740769,81.3941661213432,1296.14208843601,264.600607179584,220.341671806373
GM0534,Hillegom,2014,41.8470188013596,30124.7838183714,0.0784205184980164,0.864562118126273,4.09115547329455,2305.90178597957,149.87135428757,87.2720864478353,1329.88328427505,264.322393333024,195.361318012999
GM0534,Hillegom,2015,42.2004408124182,29668.5994131289,0.0780364139202581,0.923841760101544,4.0891372314242,2235.08729993978,149.163302280313,85.7823581757507,1188.91301167965,259.772334074897,146.565121634771
GM0534,Hillegom,2016,42.3745503716363,31113.4839569691,0.0941052919957993,0.943483275663206,4.09247254927901,2385.30032221049,152.323466942149,88.9636905417813,1338.2350711662,260.722465564739,164.955232937073
GM0534,Hillegom,2017,42.3911100409558,32148.9070879904,0.101017312154203,0.940913006029285,4.07882191601907,2373.49311062184,158.401155643423,93.9907642882823,1321.63231622933,255.789490474479,174.194584831057
GM0534,Hillegom,2018,42.4109158312656,32606.4845993095,0.079460535043113,0.889553429027113,4.08464554277267,2416.76105085196,167.28231748009,100.491466832762,1365.34694710148,244.127903634826,193.045819726832
GM0534,Hillegom,2019,42.4850900441418,34774.0264798916,0.0707723416413908,0.888006515984525,4.05606089929682,2513.35189238185,174.953957642482,105.203097669895,1447.7135097493,252.716409338109,164.59606667551
GM0534,Hillegom,2020,42.5911027605181,35219.8631835189,0.071566391861077,0.89838337182448,3.91804384485666,2383.72044688548,174.222506617257,107.386113463914,1333.88439341803,244.590086906654,198.98983853891
GM0534,Hillegom,2021,42.7089339413829,36936.1502586013,0.0764497970938604,0.917741935483871,3.92038388753717,2522.21371832592,192.615479776909,117.239509902948,1466.17133722718,246.048567915332,137.192083351631
GM0534,Hillegom,2022,42.7548709139945,39409.0222709181,0.0758495145631068,0.915084711165544,3.93068061440678,2330.76743744797,193.475033959947,118.616150913631,1438.38681696683,255.249787038254,
GM0534,Hillegom,2023,42.8116084005493,42766.2117532783,0.0838302947691259,0.92375366568915,3.79851272517469,,,,,,
GM0534,Hillegom,2024,43.0530920946974,,0.0962640582582841,0.564897009394122,,,,,,,
GM0537,Katwijk,2009,37.4773218775446,,0.0839580686149937,0.520846742473003,3.80170009894756,1845.08834382405,126.935659109721,75.7642900959086,971.435353856641,291.60179646549,220.22159420525
GM0537,Katwijk,2010,37.7038674073674,,0.0718360381145015,0.663465262179537,3.85702495929338,1890.90375904082,134.139695056642,74.8701730013967,1001.84712941023,297.488884092309,210.496783165866
GM0537,Katwijk,2011,37.8484952931377,27203.4091771075,0.0798958970258533,0.688400196725919,3.95624886713794,1924.68860824661,147.178652316179,83.6533526883118,1041.45511163865,295.188065090465,200.751176206437
GM0537,Katwijk,2012,38.1325868674563,27220.6479351677,0.0751445086705202,0.701304411549172,3.91377967189075,1996.35420646459,145.05891952477,86.1282347007368,1167.39120184456,269.374421013868,177.212347292568
GM0537,Katwijk,2013,38.4213676650423,27460.4010151466,0.0753406400426486,0.745879328595191,3.99832285115304,2156.59743764531,148.431871179846,88.5742200092545,1244.22923349452,255.160465999586,226.038962507566
GM0537,Katwijk,2014,38.506860724941,29688.5257070844,0.0801834890820897,0.788828726132801,3.96429889298893,2090.47728405384,159.487203312297,97.5587905362826,1188.65979447951,250.819208044164,183.184520478811
GM0537,Katwijk,2015,38.6465546855551,28912.1103176363,0.0902524319288976,0.8376827435442,3.99546225420544,2205.44605664283,158.062968034405,95.715199551359,1177.03150668286,259.218958158081,142.664611300543
GM0537,Katwijk,2016,38.9679577286468,30191.7940599652,0.101125649266576,0.902310231023102,4.01375522062829,2247.86372057318,164.583600719649,101.989286090947,1215.30627892548,256.535833643529,156.854567321113
GM0537,Katwijk,2017,39.2161268272932,31412.2630396806,0.0940560236848098,0.864180912639655,4.06228002011245,2304.74185129147,167.833228142219,103.89453798768,1247.33573898813,254.05303330194,151.459443732535
GM0537,Katwijk,2018,39.441867430539,31818.2625597715,0.0837961844964984,0.842803433354614,4.11241871245022,2421.96980125537,181.195362574625,115.261800211789,1320.20497813041,258.349494774323,174.843164413205
GM0537,Katwijk,2019,39.7057395859764,34318.8319953247,0.0886089254609886,0.886116442738324,4.04264997297784,2467.14385172672,184.35101669635,115.129268069946,1371.97216793754,261.405074349723,166.117700561618
GM0537,Katwijk,2020,39.9421461315572,34908.5099830174,0.0819535064275796,0.838740180389875,3.97938892008235,2323.7395675913,183.736030060822,117.342828174055,1245.50429253939,262.414651388529,179.710929731697
GM0537,Katwijk,2021,40.1943256978755,36847.7677500498,0.0729356564358507,0.845268138801262,4.02740613860469,2492.34396302154,204.555702469276,129.895143838949,1397.99261251674,273.851149951346,129.786943802457
GM0537,Katwijk,2022,40.3320694488938,38979.42004544,0.0822901733591475,0.88788522848034,4.08081713108144,2531.3627705765,209.901406061162,134.139315174038,1528.53239303844,295.314941382646,
GM0537,Katwijk,2023,40.5475260048103,42317.1714450062,0.0774976794896351,0.870734149911409,3.97878183831672,,,,,,
GM0537,Katwijk,2024,40.9693666289043,,0.089454480200981,0.466022611712628,,,,,,,
GM0546,Leiden,2009,37.369012540027,,0.142234070305876,0.687097474491642,3.72763611471041,1840.54385055563,124.041922772228,73.542117162011,948.76109078054,278.622531326404,275.789258398261
GM0546,Leiden,2010,37.4391654562139,,0.129676946863048,0.829558522073896,3.77673634688137,1889.99535496968,127.408184507616,69.0278783834301,955.782132582981,285.512008807128,302.481349638218
GM0546,Leiden,2011,37.5311412061415,26543.0732597873,0.124309392265193,0.892146227010117,3.82116710941495,1868.73006598134,142.074762852014,79.56710238623,946.116729153155,275.43316843534,291.670137018624
GM0546,Leiden,2012,37.6014078688406,26607.091630093,0.127925834483092,0.928534527294644,3.77886160630863,1806.08657700881,138.801682641903,81.2864353585286,1000.07028098114,237.877503203369,224.34604263669
GM0546,Leiden,2013,37.6593594634853,26807.1606077002,0.124445261836413,0.958181683131546,3.77074123055608,1969.44031368073,139.981975445511,81.5038758541951,1072.42940607576,225.59659273293,289.337070135841
GM0546,Leiden,2014,37.7720485156149,28153.139719498,0.1255838048936,0.983018404907975,3.80970674375261,1974.23716351915,150.961427744707,90.3295816798973,1083.17453769842,227.096362847223,268.105177982563
GM0546,Leiden,2015,37.8396847612143,28272.1508758471,0.135097493036212,0.991770917566475,3.81757072640663,2038.9317544639,148.027982178992,86.6228705303516,1007.48314064274,243.16625158381,241.018117150681
GM0546,Leiden,2016,37.9315302366813,28973.9022679191,0.14268920602826,1.05262420947002,3.79965036284288,2099.92299197376,153.293483928864,92.0287513460601,1058.94851582638,231.19918559308,241.382086575639
GM0546,Leiden,2017,38.0954090477495,29862.2831337477,0.133904555483655,1.04285919059678,3.81953277421643,2151.43476943914,158.489930985824,95.9227969799251,1094.24315113375,228.982059558179,243.127359295422
GM0546,Leiden,2018,38.3103211287761,30068.2181175313,0.123881560024565,1.01361080974455,3.81524518652226,2229.25575219021,166.890841535791,101.653485970368,1122.62532778877,231.831260285035,273.689541765918
GM0546,Leiden,2019,38.5357620023104,32102.1393768935,0.11871185177132,1.02271612586799,3.75857877276066,2341.30079901191,176.532547022071,107.381699979011,1177.05003939361,245.443320928659,299.541572353444
GM0546,Leiden,2020,38.8137757752323,33285.522132167,0.132984497637549,1.060567981905,3.69193350646611,2231.79838695875,176.331307118274,109.770749139898,1096.26820742679,249.798627303706,306.694648366203
GM0546,Leiden,2021,38.9388522279632,34840.8197079262,0.129400963251714,1.05055019733919,3.7147431742163,2315.43599127753,194.427553451244,119.629093136073,1233.37327309529,249.888314378422,215.353570590976
GM0546,Leiden,2022,38.9608229210827,36630.2742895292,0.122558119991138,1.02567272535971,3.74228418447239,2185.02619703933,199.132858521567,124.230238482644,1302.17192165964,267.658861823635,
GM0546,Leiden,2023,38.8402665616256,39534.2861773164,0.124118762033908,1.03889187472517,3.64805254013825,,,,,,
GM0546,Leiden,2024,39.3331155273541,,0.136825178038135,0.675039246467818,,,,,,,
GM0547,Leiderdorp,2009,40.5386136619232,,0.0764416132735825,0.573926559160676,4.06550353584886,2053.95138749532,126.458589561181,75.2215579601599,1137.75206155459,323.558430432829,240.302249344815
GM0547,Leiderdorp,2010,40.8371397079514,,0.0778590596625372,0.710723659542557,4.09927595349786,2005.74509727481,130.026401208549,69.4386053191091,1132.57490022008,322.429632959083,188.947522091037
GM0547,Leiderdorp,2011,41.2258635672127,29737.9507606985,0.0796067353901464,0.758983666061706,4.16048494811466,2098.49334518122,144.742015403415,79.6466593846043,1169.17952049469,319.681233383937,234.619643822429
GM0547,Leiderdorp,2012,41.5946407510134,29988.2789146241,0.074950473255558,0.820627802690583,4.13304365818332,2047.747827051,145.602048370992,85.2119829148322,1218.98519137605,278.828950852408,180.545443089431
GM0547,Leiderdorp,2013,41.8749760148144,30298.5953040743,0.0695161703842069,0.810338201383551,4.08954116774399,2230.29478402008,141.608291800496,80.1173142097681,1322.92676597629,255.540910399823,216.858727728798
GM0547,Leiderdorp,2014,42.2409986004264,31824.3440755816,0.0744987766132272,0.850724371905373,4.09456452638271,2120.75960634267,151.319252621894,87.6964625574968,1240.83126402944,249.742322355108,209.944142231705
GM0547,Leiderdorp,2015,42.4662220109911,31800.3455593398,0.07564831002331,0.858993068223276,4.16775495036365,2274.81604871247,150.585552457815,86.260939104916,1256.60858987527,259.669563829787,153.321604431076
GM0547,Leiderdorp,2016,42.6332348542739,32928.1570940932,0.096107275815954,0.937049180327869,4.17552514322088,2295.94962253151,158.937893605391,94.6654625614858,1239.89300200401,253.756421570413,152.54216024193
GM0547,Leiderdorp,2017,42.8612694025818,33457.7563369369,0.0934256055363322,0.960930717138392,4.1880933226066,2458.03205986107,163.217446994219,97.4346168672935,1342.80259555588,252.559977815763,182.882143142888
GM0547,Leiderdorp,2018,43.1145831857229,34126.0420388278,0.0805116900950385,0.911387836130662,4.17163939685595,2556.14624799594,172.925412111936,105.002268984113,1392.35734987612,251.538259364525,185.945887990089
GM0547,Leiderdorp,2019,43.2947381938259,36235.9329272822,0.0796730245231608,0.955037313432836,4.13075376338243,2609.17035648929,183.299953151307,112.188092745773,1436.22336175976,263.838132640363,176.477607788595
GM0547,Leiderdorp,2020,43.4030370593795,36799.815201848,0.0980968424070822,0.983928269328371,3.97696704774714,2459.32989546409,181.140417781956,112.06518809231,1310.025276351,277.850781668233,175.677098676119
GM0547,Leiderdorp,2021,43.4884493696378,38439.0062091384,0.0871274390679723,0.981661082701464,4.05973881633787,2636.93619814754,201.971303564349,124.692622986271,1467.03590766569,278.617621364472,135.051709373986
GM0547,Leiderdorp,2022,43.4418585122083,40647.5741731252,0.0838206627680312,0.973603878613755,4.10984416571646,2589.35513664148,208.387248112189,130.559781014025,1559.8425544768,293.831944624235,
GM0547,Leiderdorp,2023,43.5383329359393,43832.537376021,0.0766422063880322,0.921550946798918,3.99752874180724,,,,,,
GM0547,Leiderdorp,2024,43.8861110913868,,0.078666235027517,0.505539568345324,,,,,,,
GM0553,Lisse,2009,40.4309636502596,,0.0751791018696488,0.541800988609499,3.68004587155963,1734.20709610091,123.609025538531,72.2308945147667,930.393366200309,299.703767266269,135.411636468603
GM0553,Lisse,2010,40.5743820785106,,0.08297187030277,0.708982772764561,3.75301659125189,1865.0659226476,125.962775176158,66.1891964637415,981.109866514947,302.111192174711,207.431281503445
GM0553,Lisse,2011,40.9083595605511,28550.7768261294,0.0744405080791497,0.708067707188393,3.87818751198313,1912.82362320742,140.118739341466,75.8127106563466,1048.45419913419,295.635179500634,178.24086087793
GM0553,Lisse,2012,41.3064425662614,29170.3914034225,0.0620246525045896,0.720612880057457,3.81975243264712,1822.70875700728,138.166058023492,78.2952808442987,1028.57466395831,252.387416320762,156.887974398587
GM0553,Lisse,2013,41.6710709381709,29081.7830319268,0.0708999343113641,0.789850057670127,3.84342087721637,2048.77016675514,139.40471015134,78.3918081246126,1184.76119081335,228.967417470571,183.259197186836
GM0553,Lisse,2014,41.8996023905728,30690.7196373817,0.0755135793871866,0.837784153608475,3.86254295532646,2054.1752339284,154.051850402354,90.5251576447865,1217.50917857614,235.309705817687,153.397317298391
GM0553,Lisse,2015,42.2018935731759,30476.470304905,0.0800086542622241,0.861847733105218,3.90069113601288,2196.51125786711,156.452563934426,92.0367995628407,1181.71564939891,249.757597814209,136.071037587413
GM0553,Lisse,2016,42.5120795758409,31544.2896150797,0.0855850032320621,0.902766135792121,3.93593666844066,2268.87564652174,162.501123961913,98.1722105308928,1245.27470281317,251.216720292186,145.17430173913
GM0553,Lisse,2017,42.7450187194797,32890.9542681589,0.0886146702209992,0.90191156593937,3.9994713889256,2295.67027353912,163.131472602741,97.3583024102661,1243.94907014046,249.642417201317,148.592865007803
GM0553,Lisse,2018,43.0618189527404,33069.2297451169,0.0824653893960825,0.946224994622499,4.0538376407786,2510.84826064403,178.435473524963,110.267968446081,1386.54808774584,254.952460341474,176.040490166415
GM0553,Lisse,2019,43.3101348958449,36197.7359685521,0.0811422229810483,0.958579881656805,3.98538088370264,2452.59642768001,182.03239101433,110.654101648233,1309.76325601411,256.60532426733,193.157623187159
GM0553,Lisse,2020,43.6025501818076,35833.4631643037,0.079290647113991,0.933564915327833,3.93257663290967,2340.82000773657,185.151595461188,116.024293389495,1202.84310496003,268.19430714347,199.049690965357
GM0553,Lisse,2021,43.7687093895664,37560.7841067084,0.0743041961017959,0.914048473967684,3.95684613833434,2480.26476037105,205.42532938246,128.329260929319,1368.76109336081,257.26718070944,125.268522717512
GM0553,Lisse,2022,43.8752296210221,39569.4465027701,0.0689351716045761,0.892,3.97912479740681,2438.381970666,212.197942781612,133.748445467721,1439.434892982,264.535343225037,
GM0553,Lisse,2023,44.0855453555641,42846.9903149775,0.0714762859051436,0.88929889298893,3.90609185830504,,,,,,
GM0553,Lisse,2024,44.5788625167339,,0.0844442557527384,0.505285950834289,,,,,,,
GM0569,Nieuwkoop,2009,39.2144193331351,,0.0692246261071584,0.480353280461428,3.6281061203047,1780.96407672895,130.100572097446,79.2654638232492,1020.10757407271,260.71433901529,160.961358665838
GM0569,Nieuwkoop,2010,39.6741191573031,,0.0641020992712374,0.610314652764848,3.67619245557518,1794.95785800327,130.239407947798,70.9316746095762,1028.24439291738,270.078116430825,146.538850885198
GM0569,Nieuwkoop,2011,40.0607162357902,29737.2200133274,0.0832819247378162,0.7639470013947,3.75706695005313,1833.12491418345,144.182604725904,80.691231876119,1057.09201855302,265.083853036777,149.929256865323
GM0569,Nieuwkoop,2012,40.5334347419616,30359.1044268716,0.0661807368726429,0.751718869365928,3.69653524492234,1822.0445232889,142.225792600693,83.3229535265149,1078.90212320029,235.983405868416,146.326044536774
GM0569,Nieuwkoop,2013,40.8808651376365,30395.4980399408,0.063225900116144,0.780151757188498,3.70583392788541,1986.38003062451,141.677318211654,81.7472427248188,1215.0925939027,223.128866238786,154.241907834773
GM0569,Nieuwkoop,2014,41.2137626139873,32776.197571989,0.0659587576559272,0.80908736349454,3.70772058823529,2027.9378752685,151.476513507611,89.5410066991917,1259.13238039758,218.203781766548,144.743367677577
GM0569,Nieuwkoop,2015,41.5716142114444,32996.4191584014,0.0807903951975988,0.865849447513812,3.7894765749437,1976.35626610674,147.516570464499,84.6466361547855,1135.59637267572,220.872685763515,104.518866156994
GM0569,Nieuwkoop,2016,41.710925111301,32960.7003386411,0.0812236286919831,0.854689564068692,3.79257712082262,2062.99291591624,158.184505544958,95.3668556191296,1188.27027124391,224.325242989333,105.801614577816
GM0569,Nieuwkoop,2017,41.9149705949166,35236.2540899251,0.0845148735056992,0.897912959068112,3.79404068991296,2068.46981363859,163.192491100716,98.9300844559221,1193.27206882111,234.684619250367,87.7417337893487
GM0569,Nieuwkoop,2018,42.1307747026354,34936.406953898,0.0725870049717127,0.85403832991102,3.81679904480091,2133.54184012948,170.496020112961,104.369679363549,1199.79345157735,234.069102837857,119.914510263122
GM0569,Nieuwkoop,2019,42.3354382300226,38459.4632583409,0.0736469707793312,0.891236577762383,3.78981723237598,2222.12682121014,180.534195565275,111.550587310807,1233.31885031945,240.701235778467,141.521500222078
GM0569,Nieuwkoop,2020,42.4715206916397,38463.9797708742,0.0800551408782194,0.881151346332405,3.71031874662345,2194.1022830788,178.911023449116,112.335130760914,1198.1697296932,244.952862886875,159.656724219489
GM0569,Nieuwkoop,2021,42.6519225585439,39372.4234431733,0.0634995138632782,0.836687444345503,3.73251618380558,2285.01309955515,197.07079738474,122.051033634405,1348.4272445403,239.326477487195,91.7164727689405
GM0569,Nieuwkoop,2022,42.8852047396001,41270.8257172131,0.0609666910444784,0.810962373371925,3.79323911580473,2286.03923214048,202.981775864391,127.15203618996,1409.35431420691,252.742223866541,
GM0569,Nieuwkoop,2023,43.1448540282505,44548.992723316,0.0636635638297872,0.835078534031414,3.76463345816447,,,,,,
GM0569,Nieuwkoop,2024,43.5905452557053,,0.0728217587905784,0.486771951137207,,,,,,,
GM0575,Noordwijk,2009,40.7502800708236,,0.107801654464201,0.585483284883721,3.81156384204462,1917.41494563364,132.8531244361,82.4307842180975,1036.27579482552,286.567385208127,208.867931395972
GM0575,Noordwijk,2010,41.1709884506831,,0.0925767918088737,0.705300901250121,3.90016984990814,1986.82105673295,134.573258175265,75.7926377559711,1035.50081496993,296.929559765271,256.022902677639
GM0575,Noordwijk,2011,41.4714370219993,29879.9992650301,0.0924642907986523,0.729389312977099,3.96885084888452,1948.63378859628,143.343156851848,80.0866549066027,1029.57887465868,290.484668583719,221.426024885238
GM0575,Noordwijk,2012,41.7110498077559,30479.6946317712,0.0924228825168879,0.768476693897165,3.94573205200678,1976.95220973154,143.811308967077,85.2737400772242,1130.3097273185,250.888845960143,196.888314477469
GM0575,Noordwijk,2013,41.9412497376693,30101.3658507087,0.108061104582844,0.88970157987127,3.97205945405174,2070.13323225823,145.696845181297,85.9957583492369,1166.08363358778,237.336226383588,231.205764380558
GM0575,Noordwijk,2014,42.2416507660918,32928.5177598605,0.089095650948051,0.876708168843,3.94018034649247,2041.01518493818,155.70856673257,93.7926247588192,1157.17793335081,227.841626688262,195.134114845071
GM0575,Noordwijk,2015,42.4443295023806,32172.8169641782,0.103641849694758,0.936632883990948,3.98553499255478,2158.68801322935,156.032535101037,93.208354757614,1103.91613627738,231.582869746704,181.995586903435
GM0575,Noordwijk,2016,42.6628613287807,33706.3742677422,0.101284344009104,0.945213607594937,3.96548313018901,2249.6709396858,160.186690849131,97.5414639029577,1196.38542079849,232.535474502413,182.613614611055
GM0575,Noordwijk,2017,42.7954002754654,35633.5406874614,0.10948670944088,0.992138662625497,4.00516046939064,2356.59102008594,166.743316614421,103.06013421572,1267.03813444794,240.71672611169,166.430210379658
GM0575,Noordwijk,2018,43.1338620491506,35953.1854070697,0.462427345696097,1.29736659134365,4.03537183038568,2433.03320840247,179.336944178328,113.60853494404,1317.63372923336,233.951552678926,191.486399280324
GM0575,Noordwijk,2019,43.1807501268237,40821.3029157292,0.103461443428648,0.88843969583213,3.95709156819687,2429.19893027285,181.194841239088,112.733780173689,1333.6559335324,235.976912994916,179.61678717148
GM0575,Noordwijk,2020,43.4142900135202,39097.1980701674,0.11323894905024,0.957771206800961,3.86659712980614,2350.12936296996,179.374655963305,113.220604650116,1266.56325305811,239.541574923548,203.51147238712
GM0575,Noordwijk,2021,43.592574294642,40242.7994830635,0.103266503451774,0.945815714426197,3.89555241793152,2486.35851438272,200.093537162766,124.96342661247,1413.87513176702,240.047904904413,135.597773584063
GM0575,Noordwijk,2022,43.6194280123234,44019.2569441318,0.0932318799853008,0.917174649250121,3.93573635427394,2412.80514995354,200.24552151988,125.848541380988,1455.42648759234,255.198544035033,
GM0575,Noordwijk,2023,43.8122177388342,48006.6488282461,0.0945233091735644,0.949678174370977,3.841214500897,,,,,,
GM0575,Noordwijk,2024,44.2340130083153,,0.108583382362555,0.522346429583143,,,,,,,
GM0579,Oegstgeest,2009,39.9366108579561,,0.105638586956522,0.676556839744695,3.76957523029683,1945.02069685948,120.085467814206,69.9650015527255,963.862966150567,283.290453396033,349.695299414478
GM0579,Oegstgeest,2010,40.3359174848146,,0.096519189085809,0.797674020865401,3.82542633670983,1974.9407141278,124.410659379721,65.0895512307844,992.074764951569,294.087895227941,330.381734689366
GM0579,Oegstgeest,2011,40.6652295957682,36023.1782612549,0.110866248516698,0.829973562458691,3.84323421745553,1957.15195543251,141.418348793247,77.0167784762824,954.268003692791,280.983859410031,352.958817246835
GM0579,Oegstgeest,2012,40.8740453026467,36117.610613249,0.103794595957474,0.90258960727148,3.77143413873733,1987.11194327595,144.071763787044,84.3427569748775,1112.45385473164,245.431540330629,259.122197406653
GM0579,Oegstgeest,2013,41.3830127972462,36386.6432482558,0.0988964346349745,0.917304189435337,3.79912169805044,2031.30731400629,148.705849097819,87.8366154047802,1090.57605225218,228.614156144873,285.423596315054
GM0579,Oegstgeest,2014,41.510777107623,39849.1244840608,0.0999618466234262,0.908862124752831,3.77315392189038,1982.83188975694,156.901406311037,93.9603980207476,1059.91805937757,224.599922739703,254.952094618055
GM0579,Oegstgeest,2015,41.5892430726217,38560.7014606497,0.0991119902361012,0.949824106646917,3.80329495831679,2116.32060449718,155.011259138213,91.516889137353,1073.72309151114,224.08652231874,219.075486908293
GM0579,Oegstgeest,2016,41.5598261399862,39954.3737196246,0.11606847502481,1.00425749318801,3.78518373729476,2191.79433178162,160.214176968668,96.6966265876374,1119.87922015241,229.25601778154,250.540095217943
GM0579,Oegstgeest,2017,41.75535510679,41557.7507638771,0.103996069439895,1.01271262309758,3.79226016260163,2422.04726949167,160.355113055859,95.7258265639397,1232.55330960556,228.548869860147,310.95705803534
GM0579,Oegstgeest,2018,41.6533815714401,41588.7122361819,0.106587980248103,0.983890524857093,3.7408656906429,2454.76286582611,173.643864224406,106.562402152041,1233.74511643188,233.057662326994,323.290838227442
GM0579,Oegstgeest,2019,41.6612171182855,45839.1238468446,0.0976446916794887,0.950808026993429,3.71746272428608,2530.75022719018,178.94167467011,109.221521730359,1268.02645857713,244.057880634355,329.757639320447
GM0579,Oegstgeest,2020,41.6525277992851,45495.3416703526,0.104043988612877,0.981646741875737,3.58312590069435,2398.19101322286,173.995557591209,105.990412617492,1139.56394097499,237.197719850247,391.946616616218
GM0579,Oegstgeest,2021,41.743740083763,48661.3659009901,0.095799416372293,0.986719310839914,3.60612271038811,2368.39174460222,194.041272269634,118.394777598616,1213.10433672867,228.870145907893,269.253598536988
GM0579,Oegstgeest,2022,41.8280835332751,50822.9106478918,0.0836365014400485,0.896403650026838,3.65104685942173,2202.5386099324,200.769887238724,124.983863743517,1281.97986877259,259.957070957096,
GM0579,Oegstgeest,2023,41.9267892625897,54133.9767150137,0.0932519498134961,0.921237923694121,3.54689789936492,,,,,,
GM0579,Oegstgeest,2024,42.2509416799592,,0.0906208213944604,0.511844719547608,,,,,,,
GM0603,Rijswijk,2009,44.18306158055,,0.109898755667819,0.66712623869022,4.36677491027175,2336.14695787498,122.251935931069,71.3175071981573,1321.25368012455,381.462510503979,251.122444998721
GM0603,Rijswijk,2010,44.1688229719,,0.105746126439639,0.819461551997185,4.46015293118097,2388.6862008687,122.16096060904,60.531794833412,1369.71870172363,389.25533852273,238.306371417622
GM0603,Rijswijk,2011,44.1163072476573,27658.1466149386,0.109896219421794,0.898120072771377,4.54739336492891,2444.1110690498,132.132015011914,66.7977214362519,1386.28670749963,379.996326087414,263.838538276705
GM0603,Rijswijk,2012,44.1037951380344,27757.6418987556,0.109403772967222,0.917678235595828,4.48328909438593,2368.93255597057,127.413792087896,66.660259420171,1432.31950664216,332.024556562784,206.498994929789
GM0603,Rijswijk,2013,44.0396575203547,27931.6388747777,0.100493155169944,0.943323468747198,4.46517694113555,2486.63081787098,130.173893317752,68.3648520389007,1435.9736950624,308.174365582874,266.030714672893
GM0603,Rijswijk,2014,43.8800825624121,29148.919113643,0.110008889607241,1.00855859672909,4.47446054564835,2465.49767781696,137.967085421955,74.3153355199363,1429.13492377828,303.001737112446,226.870830190234
GM0603,Rijswijk,2015,43.6234217246911,29087.9483239079,0.120251164994866,1.04806517311609,4.45199354820453,2603.84519305871,137.40118087871,73.0951245945887,1384.99515360287,303.493556737375,213.471620163466
GM0603,Rijswijk,2016,43.0498293132463,30128.1225121893,0.134837686531517,1.08038396717227,4.44666095653856,2666.23815315582,142.264295655922,78.3086752136746,1444.57635477927,306.678352936565,221.444719299277
GM0603,Rijswijk,2017,42.7855277908125,30861.7678850665,0.1213197495093,1.04614812058057,4.42706276058811,2676.33951234036,145.070501680594,80.813283971959,1444.52741918754,292.026391241717,199.602630942091
GM0603,Rijswijk,2018,42.3863722015141,31542.579576659,0.119488713030159,1.0182949140139,4.43214132991234,2804.91567260667,157.580919107314,98.7504425956119,1510.97004740757,295.90233777428,244.658801693932
GM0603,Rijswijk,2019,42.2063188584304,33279.306454641,0.109780117461682,0.991282318754191,4.3669305562935,2906.30050164883,171.04516018496,108.329399421526,1568.38354930824,313.183594627956,240.558344540448
GM0603,Rijswijk,2020,42.0872705114538,34002.2118909171,0.11653969207926,1.03183396114927,4.23400871877827,2660.94918909125,169.42380628794,106.179616562472,1380.99422723567,317.299170064329,236.999099030533
GM0603,Rijswijk,2021,41.6835824051706,35398.6416334697,0.130393900020516,1.1022039908225,4.1975833047516,2696.04260259328,182.951083406338,115.027975994389,1473.26104345541,298.518768880323,142.252465743823
GM0603,Rijswijk,2022,41.4444336846015,37418.4356745725,0.103603376802108,1.03633742982855,4.20166649626827,2551.61743893812,190.934122003004,122.646935425405,1489.63764106813,311.347233010545,
GM0603,Rijswijk,2023,41.2868750777936,39953.5952454461,0.115130875409243,1.05622183708839,4.0400748400799,,,,,,
GM0603,Rijswijk,2024,41.422427961213,,0.0939111628680752,0.540362027085482,,,,,,,
GM0626,Voorschoten,2009,41.5632792298689,,0.112308140260389,0.635677951236625,3.94949018683326,1947.77431335035,130.346802891774,78.9731558579639,1098.79965086116,319.037422496277,163.94268877551
GM0626,Voorschoten,2010,41.5880925541715,,0.116755611683709,0.800313643491898,3.95965833669995,2055.43803893025,133.570199706928,72.3713054218138,1140.22997864769,323.045274858697,222.054121781808
GM0626,Voorschoten,2011,41.7655576251546,33206.9858352261,0.0963811821471653,0.811100658513641,4.02293235243405,1986.68221434718,143.369515692862,77.8891014504636,1100.19778128329,309.006348848643,199.25669671023
GM0626,Voorschoten,2012,41.8636151755764,33165.2093638139,0.0959295405855749,0.887193973634652,3.97012560823809,2003.09879457457,140.249311316957,79.5393495771247,1203.48641361257,267.617532420457,165.12147106174
GM0626,Voorschoten,2013,41.997332954412,33177.0562845722,0.0834772370486656,0.863037582332429,3.99359157750186,2115.52483313422,138.69403610137,77.1573948039533,1261.44972824354,249.720472186804,193.103391875747
GM0626,Voorschoten,2014,42.1849388043241,35464.8512677181,0.0869446821753676,0.889341983317887,4.03394479684553,2137.86143420949,148.844127078151,85.0310393713225,1255.55322473641,245.698121075703,191.697116978451
GM0626,Voorschoten,2015,42.4557450858428,34708.6946141254,0.089136598438653,0.887380777696258,4.06450876291602,2172.96654960389,152.914070963926,88.3098379657011,1188.69545081806,248.265156712004,146.431195065232
GM0626,Voorschoten,2016,42.6381788457518,36248.1967734245,0.102117446676731,0.970104895104895,4.10560662807854,2330.54561129018,161.775689011208,97.1140581875372,1290.75971967761,261.606223314331,146.281248525828
GM0626,Voorschoten,2017,42.8369324846586,37402.3722051039,0.0915495668912416,0.935218324982105,4.15322122486081,2429.73738489801,177.544723286172,111.478227155476,1317.92863675448,275.007476745094,148.754719768624
GM0626,Voorschoten,2018,43.034338329058,37192.1635839064,0.0877017678708686,0.931131544379809,4.17162070524412,2453.03610178751,186.065806728592,117.293994223714,1306.8952248068,281.284971899149,162.6323893529
GM0626,Voorschoten,2019,43.1124209582272,40060.0544376359,0.0838989225046973,0.963354889280815,4.17722241241584,2518.06548279906,196.230808053167,124.547817044564,1337.5714292416,286.606405003909,182.018985926505
GM0626,Voorschoten,2020,43.2798516842256,41118.3767050592,0.0865723029839327,0.959410300593529,4.04196550293403,2378.97124848771,196.521262537563,126.651681301954,1228.88028372946,290.71323108145,172.916878195372
GM0626,Voorschoten,2021,43.3719321010092,43016.1554271791,0.0797585851254823,0.961977976314149,4.04563829163981,2507.39166575618,214.393410722647,135.966243561727,1394.11992274076,279.961334868115,133.098898470423
GM0626,Voorschoten,2022,43.5645526807552,44555.6149363777,0.0824958123953099,0.935849056603774,4.10844827586207,2549.25814958927,220.641872027667,142.518922689934,1522.27403057816,300.266560940139,
GM0626,Voorschoten,2023,43.9255631714963,47623.9288460776,0.0788348476750401,0.896612492657137,3.95244416229007,,,,,,
GM0626,Voorschoten,2024,44.2457449758695,,0.0927206024329021,0.500463463618106,,,,,,,
GM0629,Wassenaar,2009,43.4560786335341,,0.111266671579102,0.617908616988654,4.06959019109687,2055.61803976364,135.155571354396,84.4303630626681,1163.29339297839,325.684432240286,190.032987464069
GM0629,Wassenaar,2010,43.6377332525727,,0.115558995908437,0.741505042668735,4.15585280568352,2151.69698554525,132.717544469761,71.4433241395849,1216.321713235,334.219978814407,204.447020887936
GM0629,Wassenaar,2011,43.8312053460807,46237.0782300885,0.108897693190654,0.786834342493402,4.23061896522855,2216.24744521794,138.112019698588,73.1797108500457,1267.43313674301,330.528428859618,193.200265801756
GM0629,Wassenaar,2012,44.0776584711014,47943.254274441,0.10379689957313,0.796139735204977,4.23276106294974,2223.95219466858,125.066971727666,64.4061382291112,1395.94259050716,276.075823783655,162.688269261193
GM0629,Wassenaar,2013,44.2013164124531,45730.349944143,0.103599714725423,0.816192909613542,4.20755803905755,2294.04236655439,125.368578411891,63.8208377712423,1445.72339281456,256.270647802243,180.104494947494
GM0629,Wassenaar,2014,44.3807834015567,52013.6687279502,0.115747324302073,0.870582905466626,4.21815757435214,2338.58196729083,141.666218986189,77.8456135491275,1455.8653753314,261.442553519845,170.25663308841
GM0629,Wassenaar,2015,44.2903500702781,48948.4103244721,0.115953916707058,0.892988929889299,4.21969873890705,2420.13373628109,143.708701267925,79.0453568748263,1354.9182746771,265.654281312952,147.524154757205
GM0629,Wassenaar,2016,44.4292675791684,51863.6788780314,0.112753472480131,0.905460218408736,4.23739532704808,2472.04695727302,147.622507462686,83.2107753338572,1419.97464414768,249.14289984289,137.77165252906
GM0629,Wassenaar,2017,44.4479607281839,55209.4717515235,0.10855128918568,0.920024513559062,4.23616151143367,2560.90152782673,152.970242039714,87.2335671483971,1458.37344652019,258.666280108094,153.098879880939
GM0629,Wassenaar,2018,44.576095956393,53310.1684944384,0.101259259259259,0.897886755928376,4.28901366056958,2650.46327537703,162.752397046182,93.8849359224828,1493.59698444948,262.487883879035,178.57671876221
GM0629,Wassenaar,2019,44.7393339006106,63522.1276097561,0.109496339028178,0.927295323908653,4.24966699484566,2708.16982268121,176.312896336712,104.206712782541,1447.15336866718,279.724544037414,196.347291114576
GM0629,Wassenaar,2020,44.7567126706406,56011.3100131345,0.112274407877878,0.929038825069071,4.11098514231159,2650.3080310602,172.829277312217,101.169124317675,1453.87249673253,269.566612977628,221.969923502729
GM0629,Wassenaar,2021,44.8371581850783,58968.4589543683,0.111892652310356,0.927098894532417,4.12073537210536,2670.4822135486,188.010463424849,109.949655382506,1531.54275198964,265.96485282358,125.452420699897
GM0629,Wassenaar,2022,44.8145300751354,64242.6831310172,0.106922966781214,0.868149917873675,4.17036564872226,2653.58663144646,199.424973298747,120.948503585597,1622.91667111688,282.187150595056,
GM0629,Wassenaar,2023,44.8629973887462,68884.2833257507,0.112932927261137,0.902468312208139,3.93460521779106,,,,,,
GM0629,Wassenaar,2024,45.2386136832749,,0.101438249465638,0.514745308310992,,,,,,,
GM0637,Zoetermeer,2009,38.3388993733785,,0.102260900196948,0.61773183580161,3.8646345131856,1951.91188965785,125.680216702204,74.1951411847673,1026.34913943363,320.389670447267,242.597278481013
GM0637,Zoetermeer,2010,38.6570547716393,,0.0969506740783337,0.763804713804714,3.95924216770138,2019.24747312482,127.731450101205,67.8879986831295,1086.22627277087,321.755062307446,231.819906229557
GM0637,Zoetermeer,2011,38.932330300233,27278.7594588172,0.0876032529677739,0.80471074090925,4.03902618466375,2139.16152900589,137.199902688755,73.2049136937146,1162.73442149392,315.966474543471,247.908178396112
GM0637,Zoetermeer,2012,39.2011770341938,27170.7176184156,0.0936550605226741,0.880275653992526,3.96651215907564,2136.02314658591,130.928867246989,72.1245128168156,1245.65704419757,271.17258412286,217.194263144822
GM0637,Zoetermeer,2013,39.5341196571457,27377.6173303057,0.0901569186875892,0.910704794302115,3.94440190622036,2243.10359549485,130.588839384119,70.7830249644605,1292.70568248975,249.336349805938,260.295220428006
GM0637,Zoetermeer,2014,39.7836771303164,28483.9665218482,0.0868067625217254,0.90734153802376,3.96488738534193,2204.39485487812,140.498218657966,78.5192124492541,1257.18303446629,252.674098304546,229.361391212307
GM0637,Zoetermeer,2015,40.0675336384859,28653.8172372528,0.0929012199548633,0.959554084654241,4.04718487728081,2237.72776724336,143.940106467572,81.1446733616405,1237.25540877499,264.386425106946,190.215313952841
GM0637,Zoetermeer,2016,40.2646880962916,29737.8560895707,0.104713889193809,1.0066958366481,4.10201656746365,2349.92265135787,146.804247159757,84.0626532305246,1306.57862902332,275.416855041319,198.580047379518
GM0637,Zoetermeer,2017,40.5321721439147,30522.4851519365,0.0974537346011008,0.981497344526298,4.15715108596212,2434.99654638486,145.366289767738,81.2840463255132,1346.61628597186,277.676125675158,191.400278127051
GM0637,Zoetermeer,2018,40.7699868317056,30799.2451642936,0.0912263640427584,0.973050805276069,4.22616377998896,2581.27173091211,155.712941515662,89.6140095420128,1387.51990963523,290.543708984345,238.249065941011
GM0637,Zoetermeer,2019,41.005135542822,32590.1625526261,0.0948190905251302,0.989187441626554,4.15117028858445,2647.44915546311,165.833243311354,95.5868196173853,1426.34125723603,297.449473651048,234.975200875804
GM0637,Zoetermeer,2020,41.2623497082384,33747.7526875709,0.0888828060845423,0.974666764857501,4.08116037270871,2561.1743786358,165.522543865865,95.3681990789997,1332.28882087614,308.090362104932,249.756384460977
GM0637,Zoetermeer,2021,41.3733259086687,34926.7743399175,0.0898796665288902,0.974784587265471,4.10375030412568,2670.02942354356,187.724935177112,110.880634094247,1467.57887512073,304.687278224064,160.911493164346
GM0637,Zoetermeer,2022,41.3995811548724,36744.1888947043,0.085172116243952,0.93068290178244,4.15373173307293,2588.5565051021,197.032389533797,120.76541112775,1527.40277031454,320.670515664984,
GM0637,Zoetermeer,2023,41.5073037082647,39711.3546462264,0.0863082272918339,0.94451864419016,4.04567607389777,,,,,,
GM0637,Zoetermeer,2024,41.9333624251684,,0.0773255002867639,0.52201915922619,,,,,,,
GM0638,Zoeterwoude,2009,40.4353299772233,,0.0761513356702526,0.494955156950673,3.63652513767987,1797.91039888119,127.038022378984,77.8126769642426,994.955391632206,265.452134517149,199.738456767603
GM0638,Zoeterwoude,2010,40.765793150785,,0.0700120918984281,0.565683646112601,3.65820791039552,1812.97439333091,128.591341075793,71.2822677261624,996.570001222494,282.838761613692,192.225863453815
GM0638,Zoeterwoude,2011,41.0947509360758,30045.7750890554,0.0645549801276647,0.574887387387387,3.76474756421612,1820.15886333374,147.916277690353,84.5769579954003,998.401654763348,268.40284348142,193.769531533713
GM0638,Zoeterwoude,2012,41.6117033408851,30173.8875892637,0.0682755275284987,0.655229662423907,3.67798446812353,1745.43306895711,144.479803826001,85.8922590471551,1036.68564030705,239.420878518338,115.263506335283
GM0638,Zoeterwoude,2013,41.9653076996286,30833.53531873,0.09475855374909,0.754928076718167,3.75989782886335,2016.36182260616,149.979919678716,90.8876974564932,1217.76250699769,217.902320798346,187.062376201484
GM0638,Zoeterwoude,2014,42.2340106230922,32229.116990953,0.0796740055954264,0.754062838569881,3.73158482142857,1954.29392094669,156.136481639625,94.9135220202508,1177.61691228498,218.036402342321,153.577242893742
GM0638,Zoeterwoude,2015,42.6618138510157,31827.1884739055,0.065312576015568,0.765850596359071,3.81261630070711,2059.47179208403,158.447373564623,96.9268409479603,1174.03972636208,224.155317615441,159.337400439775
GM0638,Zoeterwoude,2016,42.3461240286406,32948.6597405717,0.110469909315746,0.913951120162933,3.7794981313401,2007.24620799811,166.928179129199,105.059757453857,1132.50346663512,222.492727165168,126.2214197823
GM0638,Zoeterwoude,2017,42.4711959785061,34167.7408863474,0.105509416306001,0.982045701849837,3.77178796046721,2120.23085667215,176.563798540831,113.059588138386,1202.66720640151,226.025384796423,142.192673570252
GM0638,Zoeterwoude,2018,42.7765073031348,34534.8556688805,0.071070721193056,0.877906976744186,3.75302061122957,2184.99691405793,184.042156173056,118.594416695979,1244.17382928831,233.757324422559,146.483899636534
GM0638,Zoeterwoude,2019,42.7620377640549,37955.6167601683,0.0922602034983423,0.965733866362079,3.74267968056788,2236.39182361735,183.111085431758,115.107424399219,1291.70248821433,230.073597792343,125.53122915948
GM0638,Zoeterwoude,2020,42.6831941451733,38240.9736153759,0.102270198085911,0.962273641851107,3.72694130514036,2185.01088567909,183.317426939873,117.973098197291,1236.56315306237,220.53726794312,170.304481021162
GM0638,Zoeterwoude,2021,42.6918592539879,39806.210663199,0.137693449226203,1.09545454545455,3.73861691201643,2206.26320921797,199.658202283154,125.348911767844,1267.68531740104,220.098656780114,109.050232582951
GM0638,Zoeterwoude,2022,42.7722055381325,42180.8176269008,0.0698790154359616,0.92078001218769,3.76007265521797,2218.72863670017,218.414252776309,144.417335801164,1347.03487361185,244.285223691168,
GM0638,Zoeterwoude,2023,42.6651797798112,44516.4660336012,0.0919493670886076,0.978344562078922,3.66740611630486,,,,,,
GM0638,Zoeterwoude,2024,43.0837411001893,,0.0835629017447199,0.522803795531068,,,,,,,
GM1525,Teylingen,2009,39.0110037706866,,0.0966941247067809,0.600571292549393,3.66056942277691,1682.00530268623,133.695238767935,82.773053016453,890.253015068415,288.263426402971,136.109829963999
GM1525,Teylingen,2010,39.192243108588,,0.0866060242932622,0.71676518676896,3.71315656270685,1778.57429490722,134.720017205019,75.0211513486523,911.111245698748,283.486062548564,213.689013753866
GM1525,Teylingen,2011,39.5822244556394,32761.1900067219,0.0787237541801436,0.737024683122081,3.79828309201677,1752.22968511583,149.245267611885,85.0510843206346,913.397267556393,282.393327876586,173.975563323623
GM1525,Teylingen,2012,39.8539248758703,32577.0947118075,0.0834039760452843,0.782811891470856,3.73047393174418,1812.72558681294,147.124922872781,87.8536581522632,1016.15997318516,234.180275888762,179.161373145052
GM1525,Teylingen,2013,40.2285308107951,32001.5656084508,0.0801129200241188,0.850280224179343,3.77479067476605,1966.4114493235,148.522369878184,87.9727688261364,1076.72100664452,223.03188648948,229.558372485543
GM1525,Teylingen,2014,40.6072734849114,34668.3105420329,0.0741872436479753,0.864913494809689,3.78805610889774,2014.0164559531,157.965636085629,95.2553886572125,1111.01374506533,225.499474284125,224.542805437411
GM1525,Teylingen,2015,41.0289196313756,34023.0030677413,0.0996621621621622,0.971544216852692,3.83481393539935,1987.45928942951,158.096761354247,94.7076542802082,1052.08174483898,230.143460776219,145.65357817101
GM1525,Teylingen,2016,41.3171485417876,35069.2462907184,0.0894231553754521,0.945434159710975,3.85554652580252,2038.17092412505,163.301943780398,100.163355315581,1107.78975489792,230.862312257852,132.276643865722
GM1525,Teylingen,2017,41.3925525827148,36710.1210703078,0.101160951282945,0.973250058920575,3.85425801520576,2122.48822481837,163.353231052804,98.9725710181071,1160.457169305,232.982149788574,152.289319635693
GM1525,Teylingen,2018,41.5764428802683,37107.9135725344,0.091463576334562,0.956554028963981,3.87757382282522,2160.14104931823,178.064887352996,111.263448525277,1191.23265825497,221.988908623323,154.774413726593
GM1525,Teylingen,2019,41.8786132243628,39299.7575741312,0.0906511114614536,0.932545544066962,3.84953448003787,2249.39736776488,184.871674624647,115.27007878402,1219.52667329832,228.197250517269,174.958995172158
GM1525,Teylingen,2020,42.102141662736,40102.6529032942,0.0927947598253275,0.949614271938284,3.76036979464943,2172.11973616509,184.378890843222,116.595149375199,1153.27853801322,235.597997479787,191.511265620078
GM1525,Teylingen,2021,42.2824792418312,41602.869890936,0.0824245564046108,0.945666070058809,3.79283545840923,2378.81880145501,204.117524926075,128.487500850496,1352.90054143878,243.466021511005,128.432812131997
GM1525,Teylingen,2022,42.3616259693672,44183.8434511489,0.0892738853503185,0.926139147476727,3.807208684786,2253.9637779505,210.927842466642,134.724502396681,1346.83084881462,259.971121388781,
GM1525,Teylingen,2023,42.6823790143151,47249.3129581152,0.0724800654262932,0.86952658966874,3.74042685534347,,,,,,
GM1525,Teylingen,2024,43.0912767657352,,0.0862091350523227,0.518657976057545,,,,,,,
GM1783,Westland,2009,38.9784783973283,,0.0777946065028816,0.548892436639393,3.77496734516164,1830.21100122813,125.391933256734,74.0384835667728,1008.90181884817,297.493572914392,162.664499237366
GM1783,Westland,2010,39.315411143826,,0.0720011001532356,0.662780500386897,3.85330236096395,1923.10063848509,127.566915319782,67.6154530490848,1082.3247347546,305.062665542887,172.739128745179
GM1783,Westland,2011,39.4304781211952,28733.2781591965,0.0768380692465141,0.700018367159519,3.90744583713788,1919.88189716019,133.587106535655,70.1531039051491,1077.8638116284,289.181071642717,188.652942285565
GM1783,Westland,2012,39.6469364108049,28643.0401663825,0.0835887089099111,0.759506995920874,3.83655225231498,1856.16558268532,128.914896422389,70.7703578570678,1088.68202313633,251.202665652417,162.226468405398
GM1783,Westland,2013,39.8893044867595,28869.8955647569,0.0910566037735849,0.816565258376896,3.80882332377823,1935.86553011696,131.403352787108,72.3175190267437,1144.05949268347,228.766650629165,174.951288138166
GM1783,Westland,2014,40.068032388656,31430.6469659922,0.0932509834334676,0.862214249958285,3.84294903235752,1909.35755394533,135.063178479743,74.3233678775935,1144.13585694537,224.553599969907,150.182261663095
GM1783,Westland,2015,40.2778675613525,30401.8591329179,0.0977080597125363,0.879516625985355,3.88655956112853,1975.62697181592,139.648531049781,78.1651293585326,1117.73073573237,225.327570313663,125.53810104189
GM1783,Westland,2016,40.5353226269017,32202.9324548532,0.101573861021629,0.914335388019599,3.87789210233593,2057.34112323768,141.742728711894,80.2976262289638,1198.82585383918,230.847471532522,111.649101520916
GM1783,Westland,2017,40.6946982152313,33644.2162098299,0.10934664246824,0.939753196883272,3.90540168113546,2112.5882580769,143.329175296294,80.5286053301486,1232.97707945952,232.377740116603,113.773315237722
GM1783,Westland,2018,40.8467159864452,33842.6459873407,0.105689454349969,0.958837218174188,3.93465859045761,2183.30087260299,154.358250376403,90.4225724614834,1261.16500256938,240.218437897242,130.394058023278
GM1783,Westland,2019,40.9809074281016,38281.9473331251,0.103489059727972,0.957689209405808,3.91005894912113,2245.56955321884,156.698023958473,89.8636966147504,1277.80761240518,256.713834154131,137.587644615999
GM1783,Westland,2020,41.2124675476245,37151.7262414558,0.0991063606097775,0.951741469352495,3.83773956728701,2209.24558873783,156.684095089598,88.6866678119029,1240.87118690208,261.338620434484,148.622452296633
GM1783,Westland,2021,41.3305083750667,38528.4252120624,0.092185899550355,0.949020903908122,3.8492545629986,2347.78238978456,177.119462778554,104.2154107933,1376.83568835046,253.973883792582,95.6754470153877
GM1783,Westland,2022,41.3802120974196,40438.2856060944,0.0901091254688322,0.924675736781564,3.90705234086975,2353.76540313194,181.581990164335,108.658820154432,1441.65131452484,275.840766144687,
GM1783,Westland,2023,41.5502447632443,43956.6856764971,0.0943540847182096,0.941408384729487,3.83175389428404,,,,,,
GM1783,Westland,2024,41.9145284559141,,0.0945397709317322,0.510284093821002,,,,,,,
GM1842,Midden-Delfland,2009,38.2773375426275,,0.0833698030634573,0.553026245313337,3.53978408636545,1617.53490000553,113.712569444443,62.2791049382722,926.442131834213,241.607302689594,137.07778634786
GM1842,Midden-Delfland,2010,38.7381482614889,,0.0841968911917098,0.689336235038085,3.60601080065743,1696.71760602437,120.302184855597,60.2579985805534,979.264156248293,254.718132882022,137.698706502827
GM1842,Midden-Delfland,2011,39.1195505756536,31478.4124698927,0.0650820903530422,0.688260254596888,3.66866219667944,1736.30042597992,130.086234881212,65.5839449244069,1020.58662526998,246.951432505399,135.615221898283
GM1842,Midden-Delfland,2012,39.392457213719,31730.1717459102,0.0697125697125697,0.737560192616372,3.59452032651742,1647.5387481138,126.682384470206,66.9876672957673,976.119370719869,212.79538096522,133.398350398793
GM1842,Midden-Delfland,2013,39.7684926411829,32251.0605221734,0.0681177159278378,0.769514618223105,3.54210356509114,1701.42532531408,127.257755374905,66.785997432879,1032.75136966521,198.11137822227,127.214449077787
GM1842,Midden-Delfland,2014,40.1540522334161,35417.5649777968,0.0744859420898028,0.819628647214854,3.59162261733141,1725.26001423826,137.0319269103,74.5254142277075,1036.76789326584,199.225753309076,115.937069556505
GM1842,Midden-Delfland,2015,40.3231586164834,33862.7809367209,0.0805051712488956,0.851744948832327,3.60044395116537,1890.58879824514,139.254113867852,76.2783400365656,1078.20120814835,201.571699138156,93.728504204314
GM1842,Midden-Delfland,2016,40.5920441586826,36212.2583167174,0.0756194302786792,0.853612677947892,3.60138593590046,1951.67756584736,141.949046781205,79.0719229973086,1137.69904781618,202.886029290001,99.2172393272963
GM1842,Midden-Delfland,2017,40.7363795537905,37684.5963255406,0.0883306320907618,0.894483257046495,3.61915227629513,2006.55960730456,144.848497889002,80.8617310137838,1169.7601780355,208.327730301643,104.342786001323
GM1842,Midden-Delfland,2018,41.0121140905887,37750.5413009809,0.0695000253279976,0.829403973509934,3.63099543953452,2039.03004779336,154.123121822256,89.3896781574153,1168.3533785845,211.007770998576,91.3044005491153
GM1842,Midden-Delfland,2019,41.5074147268286,42772.1580978848,0.0720246826159527,0.846071332796997,3.60499450290561,2107.49571522911,156.957787259979,89.2995616173908,1198.83680229604,232.642164990348,99.4983551762674
GM1842,Midden-Delfland,2020,41.7619825726476,41139.6534653465,0.0799394398183195,0.901040345090079,3.57174071376548,2000.45263539186,159.188151882059,90.7249490855738,1121.8558670652,237.334970363241,87.883535133492
GM1842,Midden-Delfland,2021,42.1024012901816,42314.0980723015,0.0744499145986135,0.901971374561167,3.58261914297157,2253.2694309066,173.349776499672,99.7660864739379,1322.75694667273,230.975657131324,73.4749503052318
GM1842,Midden-Delfland,2022,42.3526011682411,44781.6988543372,0.0666833918715504,0.847058823529412,3.69671427456489,2226.51674864907,182.312027675362,108.196244129089,1336.91999696984,245.258449068229,
GM1842,Midden-Delfland,2023,42.6533668333594,47980.2663293231,0.060259266761191,0.809073197884776,3.69343122705616,,,,,,
GM1842,Midden-Delfland,2024,43.0871533985164,,0.071120246659815,0.467368961973279,,,,,,,
GM1884,Kaag en Braassem,2009,39.5057632181905,,0.0796951593137255,0.539715249156988,3.6719890260631,1813.76788512758,131.519093471296,79.955060808463,1027.40098606232,282.74459480329,138.942320994326
GM1884,Kaag en Braassem,2010,39.8991789455853,,0.0667681766273316,0.658340048348106,3.75988350142927,1777.31391437778,133.052925468469,72.9060825734001,982.828908384323,287.949542883529,134.237506137793
GM1884,Kaag en Braassem,2011,40.3842048116161,29960.0413739569,0.0703339432753888,0.737607007764284,3.83174883926597,1837.83803820047,146.151394322976,81.5116405830463,1033.38758956655,282.237867663982,142.920228588962
GM1884,Kaag en Braassem,2012,40.7917766486469,30636.5046485393,0.0636932946387658,0.723710122095313,3.78159056614318,1806.53108387046,142.86737957241,83.080099796567,1057.1267412582,243.846024642075,131.939796654389
GM1884,Kaag en Braassem,2013,41.1408954786925,30662.4849109435,0.0665419561731694,0.804953560371517,3.82946662117594,1931.11658841581,144.320532918968,83.5274612492329,1139.88920465009,220.471812845304,168.062985423859
GM1884,Kaag en Braassem,2014,41.4592037415175,33091.4040708923,0.0752985781990521,0.859585094122167,3.83754655230787,2005.99605581183,154.727257511056,91.843718545063,1211.05686289462,229.548984672868,154.861598109107
GM1884,Kaag en Braassem,2015,41.7361471516045,31730.7245827591,0.0878939263043233,0.893321616871705,3.89211175942549,1965.38842135063,156.584860875147,92.7525363385817,1078.9643749764,234.838472458186,109.109700653052
GM1884,Kaag en Braassem,2016,42.0187032881865,33389.7668510395,0.0854494005510462,0.932088888888889,3.87156524641228,2019.70252983205,162.978477049118,99.3236096666797,1124.82526991134,230.791106206276,118.360123068866
GM1884,Kaag en Braassem,2017,42.2594690489791,35036.9648269622,0.080051765575892,0.896308072778661,3.89595633285062,2075.7548833841,171.360051622968,106.079922008469,1178.11937495358,234.093151600684,99.6284115724579
GM1884,Kaag en Braassem,2018,42.5231319793918,35185.4306182605,0.0795579301763888,0.914851125635439,3.89138556202615,2161.55311160137,174.845154991727,107.555780842067,1222.93505019304,234.574281669423,117.387814671814
GM1884,Kaag en Braassem,2019,42.578613999416,38128.6343761502,0.0870691516154566,0.954607046070461,3.81760938008902,2315.6882666088,187.12746953094,117.176957795379,1315.22610538498,242.943962605331,141.957018191024
GM1884,Kaag en Braassem,2020,42.7590570030613,38562.1735495129,0.0871811315376942,0.937189799760397,3.76562152546142,2271.35875676061,187.076700454888,119.460485690749,1219.4581478563,252.504724023065,171.782755113006
GM1884,Kaag en Braassem,2021,42.8204969382124,39796.4327718995,0.0822410147991543,0.916595453768587,3.80211197888021,2352.17294732738,208.487847015452,133.03118389338,1350.03293952928,254.371984262017,105.899719268396
GM1884,Kaag en Braassem,2022,42.7545665829998,42431.0598823613,0.0809734665156352,0.924216621253406,3.81278298410024,2300.8257382082,212.233339729277,135.791589450179,1393.68339833938,270.426510954507,
GM1884,Kaag en Braassem,2023,42.8097531013503,45107.778965886,0.0901564866229177,0.941158108319026,3.6981554814506,,,,,,
GM1884,Kaag en Braassem,2024,43.0763634308736,,0.0813599458728011,0.520585946750567,,,,,,,
GM1916,Leidschendam-Voorburg,2009,42.4695220959517,,0.109506120049174,0.661341134113411,4.16504693233998,2203.61393460608,122.735706778987,71.404260842124,1216.86138982259,343.582960610254,292.760453423304
GM1916,Leidschendam-Voorburg,2010,42.5789038958875,,0.11318935854008,0.842120053956835,4.27286190299889,2267.12337198293,120.746911338216,59.4439226626132,1298.45758141142,350.87453735672,254.198220426198
GM1916,Leidschendam-Voorburg,2011,42.7065895984225,31767.9899498883,0.0994058715448681,0.839056558935361,4.34893161188476,2271.19584393879,129.456630034121,63.8573040821076,1264.90989558355,347.44026432986,271.101531980766
GM1916,Leidschendam-Voorburg,2012,42.8354862034448,31169.8503213831,0.096424934340998,0.886573384935993,4.28533071134138,2287.54160310447,125.258877176216,64.3423615757513,1403.68209244215,298.484808629752,215.44251343536
GM1916,Leidschendam-Voorburg,2013,42.8004044132239,31273.7136293394,0.0974889217134417,0.963365663804287,4.19646406727829,2391.1872653919,127.82904583469,66.3624518029765,1422.6046965624,273.247196969696,262.277707350149
GM1916,Leidschendam-Voorburg,2014,42.85446745537,33184.7352305673,0.102472099833786,0.965145568507996,4.20214774829763,2391.80214636708,136.925045933348,73.342266628949,1418.71721732805,267.765070853201,243.905323846579
GM1916,Leidschendam-Voorburg,2015,42.978531221156,32661.9950736235,0.10193900725979,0.979306290417402,4.23505558939994,2512.27767084369,138.460285584039,74.1228507454672,1402.72658747184,282.129241660414,211.558498157207
GM1916,Leidschendam-Voorburg,2016,43.0884166733159,33919.5371218193,0.104074292067229,1.01203628328875,4.25995703503736,2596.66509255671,145.563364835781,81.339442714111,1429.89859174698,280.103568153567,231.45747510659
GM1916,Leidschendam-Voorburg,2017,43.1512143947072,35121.6949491672,0.103515625,1.02040699340785,4.27729407721388,2565.90654398339,149.863127557755,84.4789747657211,1394.26057760241,282.594100137305,209.634760787555
GM1916,Leidschendam-Voorburg,2018,43.2024434753743,35001.8447932639,0.0999663282221301,1.01529212630596,4.30785586817025,2681.04088345741,161.342207449283,95.2503028011118,1439.58743773471,286.857886230645,245.855822220453
GM1916,Leidschendam-Voorburg,2019,43.2177587347967,37572.5753431932,0.107428950456656,1.03332782460199,4.22516531338897,2774.51828110285,176.594229360676,107.179308621952,1481.53595950613,301.49405331171,262.006797635241
GM1916,Leidschendam-Voorburg,2020,43.3199526791105,37991.4190938725,0.103892953358614,1.01419738951225,4.13256721510796,2629.13713277483,178.077368682448,108.376033876599,1387.30194751219,299.532717054617,244.158321853803
GM1916,Leidschendam-Voorburg,2021,43.3645433121118,39854.824271038,0.101865172830861,1.02108748692924,4.14620007754944,2723.3766119827,195.513751954549,120.053730063589,1527.42791931617,289.820693735014,155.474355389347
GM1916,Leidschendam-Voorburg,2022,43.272005872268,42212.4452994137,0.107465680436282,1.0198003327787,4.1766186707352,2607.82851480678,201.760582469179,126.08751960481,1562.73776002166,295.757171877415,
GM1916,Leidschendam-Voorburg,2023,43.3349079119065,45350.3556306453,0.0952392858928839,0.98563796173953,4.01964561597589,,,,,,
GM1916,Leidschendam-Voorburg,2024,43.7512166381742,,0.0963910870204416,0.537964892542542,,,,,,,
GM1926,Pijnacker-Nootdorp,2009,35.366325157183,,0.104434761361785,0.584951667682661,3.51217122840349,1590.21911328529,109.245511145906,58.6120066751825,886.181454530469,247.200381762743,145.634635015448
GM1926,Pijnacker-Nootdorp,2010,35.7417498095868,,0.0896082245068074,0.700620664476086,3.57925822982715,1695.40320381924,113.13196265075,54.9739434517816,964.863851893687,255.092994191909,153.124079594006
GM1926,Pijnacker-Nootdorp,2011,36.1283309845994,30342.5718036598,0.0759461469218426,0.719255975327679,3.63636889776312,1724.9140485878,126.079195116165,63.6403882171653,979.992248103362,244.652437569148,161.416622555797
GM1926,Pijnacker-Nootdorp,2012,36.5110621257028,30281.5432170118,0.0657260572139304,0.72199541969531,3.56806359226138,1693.64090622306,121.278318990023,63.4504777400976,984.849644978539,217.264994609005,159.306418802414
GM1926,Pijnacker-Nootdorp,2013,36.8753490634315,31073.1938793596,0.06925,0.78160139588988,3.58056347866581,1787.09267520986,121.764312588484,62.8446279308812,1056.4349056494,205.781994453385,171.668970551172
GM1926,Pijnacker-Nootdorp,2014,37.3513746847408,32662.8794776778,0.0668276047055217,0.797634302612124,3.61854981560531,1871.71726196224,131.248718696863,70.1241683413178,1108.61903907096,207.842349087958,162.203337647536
GM1926,Pijnacker-Nootdorp,2015,37.7390801952612,32958.6536894786,0.0772027495313299,0.862408759124088,3.66347177848775,1818.65194993888,134.848220847177,72.8036528398473,1019.15849222719,205.913436079598,118.227882999847
GM1926,Pijnacker-Nootdorp,2016,38.0729307182656,34341.5483470285,0.0887029132728188,0.903283052351375,3.65504535147392,1920.93129063796,136.430765151651,74.6307256623816,1114.03774290604,210.087997329772,97.9320521595245
GM1926,Pijnacker-Nootdorp,2017,38.221078038259,35710.8309199558,0.0911535506530567,0.918972162740899,3.68753545898105,1999.81552280401,139.7975758135,76.8551619631222,1143.21478672548,214.301006478524,126.392718950147
GM1926,Pijnacker-Nootdorp,2018,38.4673945822436,35934.8514913774,0.0799153263013153,0.899002954209749,3.7051860516934,2109.94809933945,149.523235100906,85.4292297726386,1227.13880843766,215.880773694392,129.463836721288
GM1926,Pijnacker-Nootdorp,2019,38.6583510658913,38734.7654523276,0.0790431709612687,0.889655172413793,3.67749215610723,2110.03325658489,153.429263931193,86.7283601505056,1201.09629009138,223.846535387923,136.401305142447
GM1926,Pijnacker-Nootdorp,2020,39.0004085702239,39331.3976947836,0.084872471416007,0.918625834996096,3.61679218808167,2089.35333960258,155.23053176011,87.6998520227093,1171.65231742371,234.160410397443,130.172768275373
GM1926,Pijnacker-Nootdorp,2021,39.2191227569285,41716.2843067637,0.0856840681727552,0.908256880733945,3.64589037268816,2275.25085387829,172.545853440882,99.9499795279188,1346.25490157652,226.382432853322,95.2658137215446
GM1926,Pijnacker-Nootdorp,2022,39.3700860791408,43707.5454847801,0.0776840960087033,0.878000854335754,3.65963401506997,2156.9731614972,178.466298167279,105.85846968155,1307.78132342545,238.697590903608,
GM1926,Pijnacker-Nootdorp,2023,39.7174261518613,47022.9260160623,0.0659878697523125,0.827168033502007,3.64159752421098,,,,,,
GM1926,Pijnacker-Nootdorp,2024,40.279654784949,,0.0688950342671636,0.459781171095347,,,,,,,
